texto_review,sentimento,texto_limpo
"Excelente produto, superou todas as minhas expectativas! A entrega foi super rápida e bem embalada.",positivo,excelente produto superou todas as minhas expectativas a entrega foi super rapida e bem embalada
"Péssima qualidade, quebrou no primeiro dia de uso. Não recomendo a ninguém!",negativo,pessima qualidade quebrou no primeiro dia de uso nao recomendo a ninguem
"Maravilhoso! Muito bonito, acabamento impecável e funciona perfeitamente.",positivo,maravilhoso muito bonito acabamento impecavel e funciona perfeitamente
"Horrível, veio com defeito e o suporte da loja não me respondeu. Decepcionante.",negativo,horrivel veio com defeito e o suporte da loja nao me respondeu decepcionante
Adorei a compra! O material é resistente e o preço valeu muito a pena. Compraria de novo.,positivo,adorei a compra o material e resistente e o preco valeu muito a pena compraria de novo
Não gostei. O produto é muito inferior ao que mostram nas fotos. Propaganda enganosa.,negativo,nao gostei o produto e muito inferior ao que mostram nas fotos propaganda enganosa
Chegou antes do prazo previsto. Funciona muito bem e atende todas as necessidades do dia a dia.,positivo,chegou antes do prazo previsto funciona muito bem e atende todas as necessidades do dia a dia
"Material muito frágil, plástico de baixa qualidade e soltou peça na primeira semana.",negativo,material muito fragil plastico de baixa qualidade e soltou peca na primeira semana
"Simplesmente perfeito! Fácil de usar, bateria dura bastante e o design é muito moderno.",positivo,simplesmente perfeito facil de usar bateria dura bastante e o design e muito moderno
"Muito ruim. Travando constantemente, esquenta muito e a bateria não dura 2 horas.",negativo,muito ruim travando constantemente esquenta muito e a bateria nao dura horas
Muito satisfeito com o atendimento e com a rapidez no envio. Produto 100% original!,positivo,muito satisfeito com o atendimento e com a rapidez no envio produto original
O produto veio amassado e com a caixa violada. Tive que solicitar a devolução imediatamente.,negativo,o produto veio amassado e com a caixa violada tive que solicitar a devolucao imediatamente
Excelente custo-benefício. Faz tudo o que promete com muita eficiência e praticidade.,positivo,excelente custo beneficio faz tudo o que promete com muita eficiencia e praticidade
Completamente insatisfeito. Demorou mais de um mês para chegar e ainda veio o modelo errado.,negativo,completamente insatisfeito demorou mais de um mes para chegar e ainda veio o modelo errado
"Melhor compra que fiz este ano! Prático, silencioso e muito potente.",positivo,melhor compra que fiz este ano pratico silencioso e muito potente
Não recomendo este item. A qualidade do som é péssima e com muito chiado.,negativo,nao recomendo este item a qualidade do som e pessima e com muito chiado
"Entrega rápida, produto de altíssima qualidade e acabamento premium. Recomendo a todos!",positivo,entrega rapida produto de altissima qualidade e acabamento premium recomendo a todos
Muito decepcionado com o produto. Quebrou a trava de segurança no terceiro dia.,negativo,muito decepcionado com o produto quebrou a trava de seguranca no terceiro dia
"Gostei muito, funciona super bem e o manual é bem explicativo. Nota 10!",positivo,gostei muito funciona super bem e o manual e bem explicativo nota
Péssimo custo-benefício. Muito caro para o pouco que oferece. Arrependimento total.,negativo,pessimo custo beneficio muito caro para o pouco que oferece arrependimento total
Produto espetacular! Superou minhas expectativas em todos os sentidos. Muito bom.,positivo,produto espetacular superou minhas expectativas em todos os sentidos muito bom
Veio faltando acessórios essenciais que estavam descritos no anúncio. Quero meu reembolso.,negativo,veio faltando acessorios essenciais que estavam descritos no anuncio quero meu reembolso
"Muito bom, recomendo com certeza! Chegou no prazo e tudo certinho conforme anunciado.",positivo,muito bom recomendo com certeza chegou no prazo e tudo certinho conforme anunciado
"Não comprem, produto descartável e de procedência duvidosa. Estragou rápido.",negativo,nao comprem produto descartavel e de procedencia duvidosa estragou rapido
"Fiquei surpreso positivamente. É muito melhor do que eu imaginava, ótimo acabamento.",positivo,fiquei surpreso positivamente e muito melhor do que eu imaginava otimo acabamento
Não vale a pena. O botão liga/desliga parou de funcionar em menos de 10 dias.,negativo,nao vale a pena o botao liga desliga parou de funcionar em menos de dias
Excelente atendimento da loja e produto impecável. Já é a minha segunda compra aqui!,positivo,excelente atendimento da loja e produto impecavel ja e a minha segunda compra aqui
"Ruim demais. Desconfortável, pesado e esquenta excessivamente durante o uso.",negativo,ruim demais desconfortavel pesado e esquenta excessivamente durante o uso
"Ótima escolha! Compacto, funcional e muito elegante. Valeu cada centavo investido.",positivo,otima escolha compacto funcional e muito elegante valeu cada centavo investido
Experiência terrível de pós-venda. O produto não funciona e se recusam a trocar.,negativo,experiencia terrivel de pos venda o produto nao funciona e se recusam a trocar
Entrega super rápida! Produto chegou muito bem protegido e funcionando perfeitamente.,positivo,entrega super rapida produto chegou muito bem protegido e funcionando perfeitamente
"Pior compra que já fiz na internet. Não funciona, manual em língua estrangeira ilegível.",negativo,pior compra que ja fiz na internet nao funciona manual em lingua estrangeira ilegivel
Muito eficiente e rápido. O produto facilita muito as tarefas diárias.,positivo,muito eficiente e rapido o produto facilita muito as tarefas diarias
"Não gostei do acabamento, cheio de rebarbas e peças soltas. Devolvi no mesmo dia.",negativo,nao gostei do acabamento cheio de rebarbas e pecas soltas devolvi no mesmo dia
Sensacional! Qualidade de construção acima da média. Super recomendo a marca.,positivo,sensacional qualidade de construcao acima da media super recomendo a marca
"Veio com marcas de uso e arranhões, claramente me enviaram um item reembalado.",negativo,veio com marcas de uso e arranhoes claramente me enviaram um item reembalado
Perfeito para o que eu precisava. Fácil configuração e ótima durabilidade.,positivo,perfeito para o que eu precisava facil configuracao e otima durabilidade
"Muito fraco, não aguenta o uso moderado. Quebrou a carcaça de plástico.",negativo,muito fraco nao aguenta o uso moderado quebrou a carcaca de plastico
Adorei! Superou minhas expectativas tanto no design quanto na funcionalidade.,positivo,adorei superou minhas expectativas tanto no design quanto na funcionalidade
Produto estragou em menos de duas semanas. Falha total no motor elétrico.,negativo,produto estragou em menos de duas semanas falha total no motor eletrico
