texto_review,sentimento
"Excelente produto, superou todas as minhas expectativas! A entrega foi super rápida e bem embalada.",positivo
"Péssima qualidade, quebrou no primeiro dia de uso. Não recomendo a ninguém!",negativo
"Maravilhoso! Muito bonito, acabamento impecável e funciona perfeitamente.",positivo
"Horrível, veio com defeito e o suporte da loja não me respondeu. Decepcionante.",negativo
"Adorei a compra! O material é resistente e o preço valeu muito a pena. Compraria de novo.",positivo
"Não gostei. O produto é muito inferior ao que mostram nas fotos. Propaganda enganosa.",negativo
"Chegou antes do prazo previsto. Funciona muito bem e atende todas as necessidades do dia a dia.",positivo
"Material muito frágil, plástico de baixa qualidade e soltou peça na primeira semana.",negativo
"Simplesmente perfeito! Fácil de usar, bateria dura bastante e o design é muito moderno.",positivo
"Muito ruim. Travando constantemente, esquenta muito e a bateria não dura 2 horas.",negativo
"Muito satisfeito com o atendimento e com a rapidez no envio. Produto 100% original!",positivo
"O produto veio amassado e com a caixa violada. Tive que solicitar a devolução imediatamente.",negativo
"Excelente custo-benefício. Faz tudo o que promete com muita eficiência e praticidade.",positivo
"Completamente insatisfeito. Demorou mais de um mês para chegar e ainda veio o modelo errado.",negativo
"Melhor compra que fiz este ano! Prático, silencioso e muito potente.",positivo
"Não recomendo este item. A qualidade do som é péssima e com muito chiado.",negativo
"Entrega rápida, produto de altíssima qualidade e acabamento premium. Recomendo a todos!",positivo
"Muito decepcionado com o produto. Quebrou a trava de segurança no terceiro dia.",negativo
"Gostei muito, funciona super bem e o manual é bem explicativo. Nota 10!",positivo
"Péssimo custo-benefício. Muito caro para o pouco que oferece. Arrependimento total.",negativo
"Produto espetacular! Superou minhas expectativas em todos os sentidos. Muito bom.",positivo
"Veio faltando acessórios essenciais que estavam descritos no anúncio. Quero meu reembolso.",negativo
"Muito bom, recomendo com certeza! Chegou no prazo e tudo certinho conforme anunciado.",positivo
"Não comprem, produto descartável e de procedência duvidosa. Estragou rápido.",negativo
"Fiquei surpreso positivamente. É muito melhor do que eu imaginava, ótimo acabamento.",positivo
"Não vale a pena. O botão liga/desliga parou de funcionar em menos de 10 dias.",negativo
"Excelente atendimento da loja e produto impecável. Já é a minha segunda compra aqui!",positivo
"Ruim demais. Desconfortável, pesado e esquenta excessivamente durante o uso.",negativo
"Ótima escolha! Compacto, funcional e muito elegante. Valeu cada centavo investido.",positivo
"Experiência terrível de pós-venda. O produto não funciona e se recusam a trocar.",negativo
"Entrega super rápida! Produto chegou muito bem protegido e funcionando perfeitamente.",positivo
"Pior compra que já fiz na internet. Não funciona, manual em língua estrangeira ilegível.",negativo
"Muito eficiente e rápido. O produto facilita muito as tarefas diárias.",positivo
"Não gostei do acabamento, cheio de rebarbas e peças soltas. Devolvi no mesmo dia.",negativo
"Sensacional! Qualidade de construção acima da média. Super recomendo a marca.",positivo
"Veio com marcas de uso e arranhões, claramente me enviaram um item reembalado.",negativo
"Perfeito para o que eu precisava. Fácil configuração e ótima durabilidade.",positivo
"Muito fraco, não aguenta o uso moderado. Quebrou a carcaça de plástico.",negativo
"Adorei! Superou minhas expectativas tanto no design quanto na funcionalidade.",positivo
"Produto estragou em menos de duas semanas. Falha total no motor elétrico.",negativo
